{
	"$schema":
		"https://raw.githubusercontent.com/reportportal/agent-net-nunit/master/src/ReportPortal.NUnitExtension/ReportPortal.config.schema",
	"enabled": true,
	"server": {
		"url": "http://hcus-d-vmcd-rptportal.eastus.cloudapp.azure.com:8080/api/v1/",
		"project": "anand_thanappan_personal",
		"authentication": {
			"uuid": "49ec321c-c88a-4940-bda9-678b7d477ffc"
		}
	},
	"launch": {
		"name": "Smoke Suite",
		"description": "PROD Environment - Smoke run",
		"debugMode": true,
		"tags": []
	}
}